{"cameraMode":{"drawMode":0,"name":"Shaded","section":"Shading Mode"},"sceneLighting":true,"audioPlay":false,"sceneViewState":{"showFog":true,"showMaterialUpdate":true,"showSkybox":true,"showFlares":true,"showImageEffects":true,"showParticleSystems":true},"in2DMode":false,"pivot":{"x":-8.598685264587403,"y":-17.763458251953126,"z":-42.00607681274414},"rotation":{"x":-0.012140004895627499,"y":0.9782728552818298,"z":-0.19811172783374787,"w":-0.05994415655732155},"size":24.206222534179689,"orthographic":false}